<?xml version="1.0" encoding="utf-8"?>
<!-- Copyright Nova Code (http://www.novacode.nl)
See LICENSE file for full licensing details. -->

<odoo>
    <data>
        <record id="version_4_9_23" model="formio.version">
            <field name="name">4.9.23</field>
        </record>
        <record id="version_4_7_8" model="formio.version">
            <field name="name">4.7.8</field>
        </record>
        <record id="version_4_0_8" model="formio.version">
            <field name="name">4.0.8</field>
        </record>
        <record id="version_3_27_3" model="formio.version">
            <field name="name">3.27.3</field>
        </record>
        <record id="version_3_6_6" model="formio.version">
            <field name="name">3.6.6</field>
        </record>
    </data>
</odoo>
