<?xml version="1.0" encoding="UTF-8"?>
<template xml:spacer="preserve">
    <t t-extend="ListView.buttons">
        <t t-jquery="button.o_list_button_add" t-operation="after">
            <t t-if="widget.ksIsAdmin">
                <t t-if="widget.modelName == 'ks_dashboard_ninja.board'">
                    <button  type="button"
                        class="btn btn-secondary  ks_import_button" accesskey="f">
                        Import Dashboard
                    </button>
                    <input accept=".json " t-attf-id="file_#{_id}"
                           name="file" class="ks_input_import_button" type="file" style="display:none;"/>
                </t>
            </t>
        </t>
    </t>
</template>